{
  "SR": {
    "group": "SR",
    "total_integral": 67322.92286682129,
    "residual_max_abs": 0.00014303860007203184,
    "residual_integral": 0.0003017096421444876,
    "stack_integrals": {
      "Others": 3155.2570228364875,
      "QCD_Data_Driven": 1066.8739310713527,
      "ST": 2715.787162869901,
      "JJ_TTLL": 4054.487285334586,
      "CC_TTLL": 1677.6538925258128,
      "BB_TTLL": 3778.043807607547,
      "JJ_TTLJ": 30428.092211356197,
      "CC_TTLJ": 7565.125968068542,
      "BB_TTLJ": 11905.811521228597
    },
    "signal_integral": {
      "WtoCB": 975.7897622126214
    }
  },
  "SL": {
    "group": "SL",
    "total_integral": 193288.45851135254,
    "residual_max_abs": 0.00016887309539015405,
    "residual_integral": 6.583579033758724e-05,
    "stack_integrals": {
      "Others": 8475.840942813466,
      "QCD_Data_Driven": 3559.9905766258494,
      "ST": 8693.268968916786,
      "JJ_TTLL": 17613.065568993352,
      "CC_TTLL": 5299.670503236574,
      "BB_TTLL": 5707.79913122906,
      "JJ_TTLJ": 100872.06515664038,
      "CC_TTLJ": 22414.662411327878,
      "BB_TTLJ": 19935.474751050482
    },
    "signal_integral": {
      "WtoCB": 716.620434682938
    }
  },
  "DL": {
    "group": "DL",
    "total_integral": 40927.68097829819,
    "residual_max_abs": 0.0002117917683790438,
    "residual_integral": -0.00021422864767828287,
    "stack_integrals": {
      "Others": 934.8403953817401,
      "ST": 1099.3781301104805,
      "JJ_TTLL": 21104.938360724747,
      "CC_TTLL": 9705.263848274742,
      "BB_TTLL": 7748.19418432265,
      "JJ_TTLJ": 148.04130526757368,
      "CC_TTLJ": 65.28987810018373,
      "BB_TTLJ": 120.40848099697581
    },
    "signal_integral": {
      "WtoCB": 1.3266093477386225
    }
  }
}